brand_id,price_date,price
1,2017-03-01,2832
1,2017-03-02,2847
1,2017-03-03,2919
1,2017-03-06,3134
1,2017-03-07,2680
1,2017-03-08,3126
1,2017-03-09,2887
1,2017-03-10,2992
1,2017-03-13,3303
1,2017-03-14,2887
1,2017-03-15,2837
1,2017-03-16,2825
1,2017-03-17,2860
1,2017-03-21,3219
1,2017-03-22,2980
1,2017-03-23,2971
1,2017-03-24,3015
1,2017-03-27,3208
1,2017-03-28,2951
1,2017-03-29,2994
1,2017-03-30,2949
1,2017-03-31,3034
1,2017-04-03,3267
1,2017-04-04,3016
1,2017-04-05,3066
1,2017-04-06,2926
1,2017-04-07,2843
1,2017-04-10,3321
1,2017-04-11,2961
1,2017-04-12,3128
1,2017-04-13,2940
1,2017-04-14,3017
1,2017-04-17,3341
1,2017-04-18,2918
1,2017-04-19,2884
1,2017-04-20,2899
1,2017-04-21,2834
1,2017-04-24,3367
1,2017-04-25,2872
1,2017-04-26,2786
1,2017-04-27,2829
1,2017-04-28,2892
1,2017-05-01,3201
1,2017-05-02,2934
1,2017-05-08,3238
1,2017-05-09,2884
1,2017-05-10,3078
1,2017-05-11,3037
1,2017-05-12,2893
1,2017-05-15,3164
1,2017-05-16,2865
1,2017-05-17,2902
1,2017-05-18,2792
1,2017-05-19,2718
1,2017-05-22,3281
1,2017-05-23,2870
1,2017-05-24,2902
1,2017-05-25,2918
1,2017-05-26,2897
1,2017-05-29,3362
1,2017-05-30,2717
1,2017-05-31,2911
1,2017-06-01,3169
1,2017-06-02,3050
1,2017-06-05,3230
1,2017-06-06,2777
1,2017-06-07,2979
1,2017-06-08,2964
1,2017-06-09,2888
1,2017-06-12,3247
1,2017-06-13,2724
1,2017-06-14,2986
1,2017-06-15,2850
1,2017-06-16,2903
1,2017-06-19,3260
1,2017-06-20,2725
1,2017-06-21,2873
1,2017-06-22,2858
1,2017-06-23,3009
1,2017-06-26,3336
1,2017-06-27,2832
1,2017-06-28,2971
1,2017-06-29,2642
1,2017-06-30,2972
1,2017-07-03,3229
1,2017-07-04,2894
1,2017-07-05,2850
1,2017-07-06,2905
1,2017-07-07,3292
1,2017-07-10,3277
1,2017-07-11,2891
1,2017-07-12,2830
1,2017-07-13,2939
1,2017-07-14,2761
1,2017-07-18,3306
1,2017-07-19,3109
1,2017-07-20,2834
1,2017-07-21,3063
1,2017-07-24,3232
1,2017-07-25,2882
1,2017-07-26,3044
1,2017-07-27,2897
1,2017-07-28,2771
1,2017-07-31,3227
1,2017-08-01,2759
1,2017-08-02,2880
1,2017-08-03,2754
1,2017-08-04,2614
1,2017-08-07,2960
1,2017-08-08,2742
1,2017-08-09,2803
1,2017-08-10,3137
1,2017-08-17,2707
1,2017-08-18,2775
1,2017-08-21,3160
1,2017-08-22,2798
1,2017-08-23,2841
1,2017-08-24,2865
1,2017-08-25,3000
1,2017-08-28,3181
1,2017-08-29,2762
1,2017-08-30,2915
1,2017-08-31,2832
1,2017-09-01,3043
1,2017-09-04,3174
1,2017-09-05,2926
1,2017-09-06,2905
1,2017-09-07,2795
1,2017-09-08,2900
1,2017-09-11,3187
1,2017-09-12,2763
1,2017-09-13,3009
1,2017-09-14,2843
1,2017-09-15,2964
1,2017-09-19,3155
1,2017-09-20,2751
1,2017-09-21,3028
1,2017-09-22,2820
1,2017-09-25,3110
1,2017-09-26,2885
1,2017-09-27,2924
1,2017-09-28,3073
1,2017-09-29,2973
1,2017-10-02,3113
1,2017-10-03,2822
1,2017-10-04,2834
1,2017-10-05,2864
1,2017-10-06,2764
1,2017-10-10,3138
1,2017-10-11,2840
1,2017-10-12,2953
1,2017-10-13,2939
1,2017-10-16,3184
1,2017-10-17,2771
1,2017-10-18,2818
1,2017-10-19,2707
1,2017-10-20,2892
1,2017-10-23,3214
1,2017-10-24,2578
1,2017-10-25,2907
1,2017-10-26,2837
1,2017-10-27,3262
1,2017-10-30,3409
1,2017-10-31,3068
1,2017-11-01,2876
1,2017-11-02,2948
1,2017-11-06,3207
1,2017-11-07,2987
1,2017-11-08,2965
1,2017-11-09,2820
1,2017-11-10,2905
1,2017-11-13,3622
1,2017-11-14,2865
1,2017-11-15,3012
1,2017-11-16,2910
1,2017-11-17,3028
1,2017-11-20,3579
1,2017-11-21,2973
1,2017-11-22,3066
1,2017-11-24,2969
1,2017-11-27,3649
1,2017-11-28,3046
1,2017-11-29,2984
1,2017-11-30,3110
1,2017-12-01,3093
1,2017-12-04,3490
1,2017-12-05,3069
1,2017-12-06,3090
1,2017-12-07,3142
1,2017-12-08,2996
1,2017-12-09,3017
1,2017-12-11,3633
1,2017-12-12,3063
1,2017-12-13,3259
1,2017-12-14,3011
1,2017-12-15,3020
1,2017-12-18,3845
1,2017-12-19,3034
1,2017-12-20,3157
1,2017-12-21,3045
1,2017-12-22,2888
1,2017-12-23,2885
1,2017-12-25,3383
1,2017-12-26,2881
1,2017-12-27,2685
1,2017-12-28,2757
1,2018-01-10,2928
1,2018-01-11,2943
1,2018-01-12,2870
1,2018-01-15,3097
1,2018-01-16,2799
1,2018-01-17,2870
1,2018-01-18,2738
1,2018-01-19,2888
1,2018-01-22,3083
1,2018-01-23,2745
1,2018-01-24,2762
1,2018-01-25,2780
1,2018-01-26,2994
1,2018-01-29,3140
1,2018-01-30,2861
1,2018-01-31,2803
1,2018-02-01,2948
1,2018-02-02,2897
1,2018-02-05,3139
1,2018-02-06,2826
1,2018-02-07,2887
1,2018-02-08,2868
1,2018-02-09,2724
1,2018-02-13,3205
1,2018-02-14,2888
1,2018-02-15,2866
1,2018-02-16,2623
1,2018-02-19,3179
1,2018-02-20,2859
1,2018-02-21,2998
1,2018-02-22,2842
1,2018-02-23,2813
1,2018-02-26,3149
1,2018-02-27,2872
1,2018-02-28,2894
1,2018-03-01,2741
1,2018-03-02,2777
1,2018-03-05,3135
1,2018-03-06,2930
1,2018-03-07,2867
1,2018-03-08,2845
1,2018-03-09,2945
1,2018-03-12,3323
1,2018-03-13,2819
1,2018-03-14,3030
1,2018-03-15,2820
1,2018-03-16,2944
1,2018-03-19,3206
1,2018-03-20,3004
1,2018-03-22,2723
1,2018-03-23,2836
1,2018-03-26,3435
1,2018-03-27,2956
1,2018-03-28,3087
1,2018-03-29,3007
1,2018-03-30,3008
1,2018-04-02,3145
1,2018-04-03,3060
1,2018-04-04,2956
1,2018-04-05,2973
1,2018-04-06,2856
1,2018-04-09,3466
1,2018-04-10,3003
1,2018-04-11,3129
1,2018-04-12,2792
1,2018-04-13,2787
1,2018-04-16,3218
1,2018-04-17,2948
1,2018-04-18,3130
1,2018-04-19,2830
1,2018-04-20,2997
1,2018-04-23,3214
1,2018-04-24,2582
1,2018-04-25,2873
1,2018-04-26,2914
1,2018-04-27,2920
1,2018-05-01,3324
1,2018-05-02,2926
1,2018-05-07,3094
1,2018-05-08,2866
1,2018-05-09,2954
1,2018-05-10,2880
1,2018-05-11,2751
1,2018-05-14,2980
1,2018-05-15,2804
1,2018-05-16,2913
1,2018-05-17,2852
1,2018-05-18,3178
1,2018-05-21,3152
1,2018-05-22,2781
1,2018-05-23,2776
1,2018-05-24,2810
1,2018-05-25,2728
1,2018-05-28,3113
1,2018-05-29,3001
1,2018-05-30,2825
1,2018-05-31,2808
1,2018-06-01,2910
1,2018-06-04,3187
1,2018-06-05,2771
1,2018-06-06,2984
1,2018-06-07,2922
1,2018-06-08,2981
1,2018-06-11,3250
1,2018-06-12,2953
1,2018-06-13,3009
1,2018-06-14,2880
1,2018-06-15,2821
1,2018-06-18,3203
1,2018-06-19,2889
1,2018-06-20,2907
1,2018-06-21,2879
1,2018-06-22,2917
1,2018-06-25,3346
1,2018-06-26,2883
1,2018-06-27,2999
1,2018-06-28,2953
1,2018-06-29,2839
1,2018-07-02,3341
1,2018-07-03,2792
1,2018-07-04,2924
1,2018-07-05,2691
1,2018-07-06,3027
1,2018-07-09,3275
1,2018-07-10,2871
1,2018-07-11,2914
1,2018-07-12,2834
1,2018-07-13,2870
1,2018-07-17,3274
1,2018-07-18,2928
1,2018-07-19,3204
1,2018-07-20,2926
1,2018-07-23,3320
1,2018-07-24,2898
1,2018-07-25,2816
1,2018-07-26,2903
1,2018-07-27,2747
1,2018-07-30,3187
1,2018-07-31,2976
1,2018-08-01,2938
1,2018-08-02,3028
1,2018-08-03,2732
1,2018-08-06,3150
1,2018-08-07,2628
1,2018-08-08,2709
1,2018-08-09,2744
1,2018-08-10,2633
1,2018-08-16,2843
1,2018-08-17,2830
1,2018-08-20,3235
1,2018-08-21,2938
1,2018-08-22,2916
1,2018-08-23,2963
1,2018-08-24,2973
1,2018-08-27,3416
1,2018-08-28,2814
1,2018-08-29,2860
1,2018-08-30,2837
1,2018-08-31,2928
1,2018-09-03,3142
1,2018-09-04,2937
1,2018-09-05,2933
1,2018-09-06,2801
1,2018-09-07,2755
1,2018-09-10,3222
1,2018-09-11,2940
1,2018-09-12,2969
1,2018-09-13,2846
1,2018-09-14,2870
1,2018-09-18,3297
1,2018-09-19,2795
1,2018-09-20,2862
1,2018-09-21,2833
1,2018-09-25,3491
1,2018-09-26,3023
1,2018-09-27,3126
1,2018-09-28,2778
1,2018-10-01,3331
1,2018-10-02,2823
1,2018-10-03,2899
1,2018-10-04,3021
1,2018-10-05,2722
1,2018-10-09,3385
1,2018-10-10,2995
1,2018-10-11,3083
1,2018-10-12,3034
1,2018-10-15,3231
1,2018-10-16,2823
1,2018-10-17,2846
1,2018-10-18,2806
1,2018-10-19,2944
1,2018-10-22,3532
1,2018-10-23,2782
1,2018-10-24,2810
1,2018-10-25,2939
1,2018-10-26,3547
1,2018-10-29,3557
1,2018-10-30,3012
1,2018-10-31,2902
1,2018-11-01,3008
1,2018-11-02,3008
1,2018-11-05,3414
1,2018-11-06,2818
1,2018-11-07,2990
1,2018-11-08,2954
1,2018-11-09,2748
1,2018-11-12,3882
1,2018-11-13,3051
1,2018-11-14,2861
1,2018-11-15,2751
1,2018-11-16,3039
1,2018-11-19,3961
1,2018-11-20,3155
1,2018-11-21,3102
1,2018-11-22,3022
1,2018-11-26,3692
1,2018-11-27,3061
1,2018-11-28,3029
1,2018-11-29,3015
1,2018-11-30,3091
1,2018-12-03,3699
1,2018-12-04,3045
1,2018-12-05,3061
1,2018-12-06,3087
1,2018-12-07,3050
1,2018-12-10,3734
1,2018-12-11,3076
1,2018-12-12,3371
1,2018-12-13,3060
1,2018-12-14,3124
1,2018-12-15,3012
1,2018-12-17,3797
1,2018-12-18,2952
1,2018-12-19,3056
1,2018-12-20,2855
1,2018-12-21,2791
1,2018-12-24,3498
1,2018-12-26,2812
1,2018-12-27,2714
1,2018-12-28,2731
1,2019-01-07,3264
1,2019-01-08,2896
1,2019-01-09,2920
1,2019-01-10,2895
1,2019-01-11,2762
1,2019-01-15,3131
1,2019-01-16,2846
1,2019-01-17,2869
1,2019-01-18,3158
1,2019-01-21,3203
1,2019-01-22,3046
1,2019-01-23,2960
1,2019-01-24,2890
1,2019-01-25,2820
1,2019-01-28,3233
1,2019-01-29,2895
1,2019-01-30,2886
1,2019-01-31,2785
1,2019-02-01,3023
1,2019-02-04,3187
1,2019-02-05,2818
1,2019-02-06,2976
1,2019-02-07,2814
1,2019-02-08,2763
1,2019-02-12,3345
1,2019-02-13,2802
1,2019-02-14,2868
1,2019-02-15,2832
1,2019-02-18,3234
1,2019-02-19,2767
1,2019-02-20,2883
1,2019-02-21,2856
1,2019-02-22,2833
1,2019-02-25,3409
1,2019-02-26,2913
1,2019-02-27,3012
1,2019-02-28,2859
1,2019-03-01,2862
1,2019-03-04,3224
1,2019-03-05,2836
1,2019-03-06,2820
1,2019-03-07,2808
1,2019-03-08,2861
1,2019-03-11,3216
1,2019-03-12,2800
1,2019-03-13,2870
1,2019-03-14,2727
1,2019-03-15,2714
1,2019-03-18,3325
1,2019-03-19,2854
1,2019-03-20,2859
1,2019-03-22,2885
1,2019-03-25,3338
1,2019-03-26,2899
1,2019-03-27,2848
1,2019-03-28,2848
1,2019-03-29,2813
1,2019-04-01,3185
1,2019-04-02,2908
1,2019-04-03,2944
1,2019-04-04,2737
1,2019-04-05,2709
1,2019-04-08,3267
1,2019-04-09,2887
1,2019-04-10,3089
1,2019-04-11,2765
1,2019-04-12,2777
1,2019-04-15,3243
1,2019-04-16,2755
1,2019-04-17,2838
1,2019-04-18,2804
1,2019-04-19,2636
1,2019-04-22,3201
1,2019-04-23,2793
1,2019-04-24,2779
1,2019-04-25,2746
1,2019-04-26,2736
1,2019-04-30,3176
1,2019-05-07,2806
1,2019-05-08,2861
1,2019-05-09,2792
1,2019-05-10,2688
1,2019-05-13,2989
1,2019-05-14,2875
1,2019-05-15,2710
1,2019-05-16,2900
1,2019-05-17,2746
1,2019-05-20,3082
1,2019-05-21,2733
1,2019-05-22,2731
1,2019-05-23,2807
1,2019-05-24,2586
1,2019-05-27,3215
1,2019-05-28,2849
1,2019-05-29,2888
1,2019-05-30,2781
1,2019-05-31,2816
1,2019-06-03,3089
1,2019-06-04,2699
1,2019-06-05,2849
1,2019-06-06,2874
1,2019-06-07,2845
1,2019-06-10,3107
1,2019-06-11,2870
1,2019-06-12,2899
1,2019-06-13,2766
1,2019-06-14,2611
1,2019-06-17,3130
1,2019-06-18,2841
1,2019-06-19,2836
1,2019-06-20,2671
1,2019-06-21,2907
1,2019-06-24,3216
1,2019-06-25,2720
1,2019-06-26,2756
1,2019-06-27,2749
1,2019-06-28,2663
1,2019-07-01,3034
1,2019-07-02,2723
1,2019-07-03,2727
1,2019-07-04,2519
1,2019-07-05,3057
1,2019-07-08,3086
1,2019-07-09,2780
1,2019-07-10,2840
1,2019-07-11,2705
1,2019-07-12,2782
1,2019-07-16,3153
1,2019-07-17,2855
1,2019-07-18,3007
1,2019-07-19,2783
1,2019-07-22,3076
1,2019-07-23,2740
1,2019-07-24,2904
1,2019-07-25,2786
1,2019-07-26,2770
1,2019-07-29,3121
1,2019-07-30,2602
1,2019-07-31,2861
1,2019-08-01,2961
1,2019-08-02,2703
1,2019-08-05,3049
1,2019-08-06,2735
1,2019-08-07,2679
1,2019-08-08,2580
1,2019-08-09,2566
1,2019-08-13,3287
1,2019-08-14,2843
1,2019-08-15,2935
1,2019-08-20,2834
1,2019-08-21,2760
1,2019-08-22,2646
1,2019-08-23,2753
1,2019-08-26,3122
1,2019-08-27,2775
1,2019-08-28,2785
1,2019-08-29,2854
1,2019-08-30,2855
1,2019-09-02,3092
1,2019-09-03,2753
1,2019-09-04,2763
1,2019-09-05,2645
1,2019-09-06,2824
1,2019-09-09,3135
1,2019-09-10,2743
1,2019-09-11,2813
1,2019-09-12,2811
1,2019-09-13,2762
1,2019-09-17,3198
1,2019-09-18,2888
1,2019-09-19,2835
1,2019-09-20,2840
1,2019-09-24,3181
1,2019-09-25,2790
1,2019-09-26,2821
1,2019-09-27,2959
1,2019-09-30,3040
1,2019-10-01,2750
1,2019-10-02,2872
1,2019-10-03,2883
1,2019-10-04,2759
1,2019-10-07,3053
1,2019-10-08,2666
1,2019-10-09,2940
1,2019-10-10,2667
1,2019-10-11,2642
1,2019-10-15,2930
1,2019-10-16,2710
1,2019-10-17,2888
1,2019-10-18,2723
1,2019-10-21,3021
1,2019-10-23,2660
1,2019-10-24,2648
1,2019-10-25,2694
1,2019-10-28,3029
1,2019-10-29,2656
1,2019-10-30,2790
1,2019-10-31,2719
1,2019-11-01,3269
1,2019-11-05,3085
1,2019-11-06,2680
1,2019-11-07,2830
1,2019-11-08,2693
1,2019-11-11,3374
1,2019-11-12,2811
1,2019-11-13,2800
1,2019-11-14,2769
1,2019-11-15,2967
1,2019-11-18,3156
1,2019-11-19,2858
1,2019-11-20,3002
1,2019-11-21,2819
1,2019-11-22,3051
1,2019-11-25,3550
1,2019-11-26,2776
1,2019-11-27,2870
1,2019-11-28,2804
1,2019-11-29,2907
1,2019-12-02,3324
1,2019-12-03,2897
1,2019-12-04,2942
1,2019-12-05,2947
1,2019-12-06,2951
1,2019-12-07,2851
1,2019-12-09,3439
1,2019-12-10,2797
1,2019-12-11,2985
1,2019-12-12,2854
1,2019-12-13,2740
1,2019-12-16,3578
1,2019-12-17,2818
1,2019-12-18,2950
1,2019-12-19,2807
1,2019-12-20,2772
1,2019-12-23,3143
1,2019-12-24,2911
1,2019-12-25,2676
1,2019-12-26,2645
1,2019-12-27,2329
1,2019-12-28,2606
1,2020-01-06,2840
1,2020-01-07,2809
1,2020-01-08,2849
1,2020-01-09,2555
1,2020-01-10,2756
1,2020-01-14,2980
1,2020-01-15,2737
1,2020-01-16,2785
1,2020-01-17,2817
1,2020-01-20,3005
1,2020-01-21,2614
1,2020-01-22,2819
1,2020-01-23,2782
1,2020-01-24,2605
1,2020-01-27,2917
1,2020-01-28,2792
1,2020-01-29,2827
1,2020-01-30,2764
1,2020-01-31,2900
1,2020-02-03,3019
1,2020-02-04,2747
1,2020-02-05,2806
1,2020-02-06,2589
1,2020-02-07,2481
1,2020-02-10,3072
1,2020-02-12,2530
1,2020-02-13,2585
1,2020-02-14,2640
1,2020-02-17,2834
1,2020-02-18,2658
1,2020-02-19,2792
1,2020-02-20,2562
1,2020-02-21,2711
1,2020-02-25,2962
1,2020-02-26,2487
1,2020-02-27,2698
1,2020-02-28,2727
1,2020-03-02,2792
1,2020-03-03,2487
1,2020-03-04,2464
1,2020-03-05,2485
1,2020-03-06,2235
1,2020-03-09,2603
1,2020-03-10,2236
1,2020-03-11,2439
1,2020-03-12,2179
1,2020-03-13,2145
1,2020-03-16,2503
1,2020-03-17,2322
1,2020-03-18,2264
1,2020-03-19,2284
1,2020-03-23,2731
1,2020-03-24,2279
1,2020-03-25,2817
1,2020-03-26,2539
1,2020-03-27,2717
1,2020-03-30,2940
1,2020-03-31,2823
1,2020-04-01,2532
1,2020-04-02,2454
1,2020-04-03,2502
1,2020-04-06,2667
1,2020-04-07,2226
1,2020-04-08,2206
1,2020-04-09,2004
1,2020-04-10,1867
1,2020-04-13,2244
1,2020-04-14,1963
1,2020-04-15,1986
1,2020-04-16,1773
1,2020-04-17,1898
1,2020-04-20,2422
1,2020-04-21,1956
1,2020-04-22,1961
1,2020-04-23,1791
1,2020-04-24,2165
1,2020-04-27,2655
1,2020-04-28,2329
1,2020-04-30,2466
1,2020-05-01,2335
1,2020-05-02,2791
1,2020-05-08,2588
1,2020-05-11,2742
1,2020-05-12,2395
1,2020-05-13,2393
1,2020-05-14,2215
1,2020-05-15,2204
1,2020-05-18,2555
1,2020-05-19,2441
1,2020-05-20,2437
1,2020-05-21,2281
1,2020-05-22,2382
1,2020-05-25,2621
1,2020-05-26,2233
1,2020-05-27,2228
1,2020-05-28,2239
1,2020-05-29,2398
1,2020-06-01,2639
1,2020-06-02,2380
1,2020-06-03,2331
1,2020-06-04,2470
1,2020-06-05,2347
1,2020-06-08,2550
1,2020-06-09,2217
1,2020-06-10,2316
1,2020-06-11,2207
1,2020-06-12,2054
1,2020-06-15,2740
1,2020-06-16,2352
1,2020-06-17,2251
1,2020-06-18,2354
1,2020-06-19,2579
1,2020-06-22,2757
1,2020-06-23,2593
1,2020-06-24,2543
1,2020-06-25,2515
1,2020-06-26,2344
1,2020-06-29,2664
1,2020-06-30,2618
1,2020-07-01,2372
1,2020-07-02,2428
1,2020-07-03,2744
1,2020-07-06,2549
1,2020-07-07,2361
1,2020-07-08,2434
1,2020-07-09,2511
1,2020-07-10,2461
1,2020-07-13,2650
1,2020-07-14,2514
1,2020-07-15,2543
1,2020-07-16,2436
1,2020-07-17,2461
1,2020-07-20,2600
1,2020-07-21,2396
1,2020-07-22,2372
1,2020-07-27,2609
1,2020-07-28,2285
1,2020-07-29,2579
1,2020-07-30,2452
1,2020-07-31,2726
1,2020-08-03,2713
1,2020-08-04,2535
1,2020-08-05,2692
1,2020-08-06,2450
1,2020-08-07,2365
1,2020-08-11,2707
1,2020-08-12,2479
1,2020-08-13,2409
1,2020-08-18,2621
1,2020-08-19,2566
1,2020-08-20,2565
1,2020-08-21,2593
1,2020-08-24,2632
1,2020-08-25,2435
1,2020-08-26,2378
1,2020-08-27,2433
1,2020-08-28,2513
1,2020-08-31,2666
1,2020-09-01,2542
1,2020-09-02,2548
1,2020-09-03,2385
1,2020-09-04,2478
1,2020-09-07,2660
1,2020-09-08,2532
1,2020-09-09,2575
1,2020-09-10,2470
1,2020-09-11,2586
1,2020-09-14,2614
1,2020-09-15,2344
1,2020-09-16,2517
1,2020-09-17,2446
1,2020-09-18,2326
1,2020-09-23,2821
1,2020-09-24,2534
1,2020-09-25,2667
1,2020-09-28,2732
1,2020-09-29,2630
1,2020-09-30,2745
1,2020-10-01,2620
1,2020-10-02,2563
1,2020-10-05,2879
1,2020-10-06,2729
1,2020-10-07,2842
1,2020-10-08,2588
1,2020-10-09,2593
1,2020-10-12,2859
1,2020-10-13,2781
1,2020-10-14,2667
1,2020-10-15,2661
1,2020-10-16,2643
1,2020-10-19,2882
1,2020-10-20,2735
1,2020-10-21,2672
1,2020-10-22,2711
1,2020-10-23,2601
1,2020-10-26,2945
1,2020-10-27,2880
1,2020-10-28,2737
1,2020-10-29,2688
1,2020-10-30,3136
1,2020-11-02,3115
1,2020-11-04,2847
1,2020-11-05,2855
1,2020-11-06,2675
1,2020-11-09,3230
1,2020-11-10,2957
1,2020-11-11,2723
1,2020-11-12,2704
1,2020-11-13,2802
1,2020-11-16,3153
1,2020-11-17,2948
1,2020-11-18,2918
1,2020-11-19,2697
1,2020-11-20,2801
1,2020-11-24,3316
1,2020-11-25,2970
1,2020-11-26,2928
1,2020-11-27,2864
1,2020-11-28,2872
1,2020-11-30,3293
1,2020-12-01,2881
1,2020-12-02,2925
1,2020-12-03,2821
1,2020-12-04,2977
1,2020-12-07,3239
1,2020-12-08,3143
1,2020-12-09,3108
1,2020-12-10,2916
1,2020-12-11,2947
1,2020-12-12,2962
1,2020-12-14,3433
1,2020-12-15,2976
1,2020-12-16,2980
1,2020-12-17,3005
1,2020-12-18,3067
1,2020-12-21,3268
1,2020-12-22,3198
1,2020-12-23,2979
1,2020-12-24,3216
1,2020-12-25,2793
1,2020-12-28,3072
1,2021-01-06,2871
1,2021-01-07,2819
1,2021-01-08,2732
1,2021-01-12,2866
1,2021-01-13,2616
1,2021-01-14,2782
1,2021-01-15,2741
1,2021-01-18,2876
1,2021-01-19,2656
1,2021-01-20,2636
1,2021-01-21,2532
1,2021-01-22,2729
1,2021-01-25,2839
1,2021-01-26,2711
1,2021-01-27,2755
1,2021-01-28,2604
1,2021-01-29,2571
1,2021-02-01,2925
1,2021-02-02,2727
1,2021-02-03,2749
1,2021-02-04,2653
1,2021-02-05,2677
1,2021-02-08,2884
1,2021-02-09,2645
1,2021-02-10,2760
1,2021-02-12,2681
1,2021-02-15,2961
1,2021-02-16,2693
1,2021-02-17,2703
1,2021-02-18,2702
1,2021-02-19,2922
1,2021-02-22,2992
1,2021-02-24,2789
1,2021-02-25,2941
1,2021-02-26,2810
1,2021-03-01,3055
1,2021-03-02,2772
1,2021-03-03,2865
1,2021-03-04,2832
1,2021-03-05,2758
1,2021-03-08,2963
1,2021-03-09,2738
1,2021-03-10,2980
1,2021-03-11,2839
1,2021-03-12,2712
1,2021-03-15,3037
1,2021-03-16,2728
1,2021-03-17,2756
1,2021-03-18,2802
1,2021-03-19,2734
1,2021-03-22,2945
1,2021-03-23,2817
1,2021-03-24,2898
1,2021-03-25,2832
1,2021-03-26,2755
1,2021-03-29,3094
1,2021-03-30,3040
1,2021-03-31,2917
1,2021-04-01,2950
1,2021-04-02,3076
1,2021-04-05,3078
1,2021-04-06,2930
1,2021-04-07,2951
1,2021-04-08,2886
1,2021-04-09,2807
1,2021-04-12,2976
1,2021-04-13,2825
1,2021-04-14,3077
1,2021-04-15,2711
1,2021-04-16,2802
1,2021-04-19,3028
1,2021-04-20,2694
1,2021-04-21,2726
1,2021-04-22,2846
1,2021-04-23,2744
1,2021-04-26,2934
1,2021-04-27,2711
1,2021-04-28,2733
1,2021-04-30,2715
1,2021-05-01,2841
1,2021-05-07,2838
1,2021-05-10,2916
1,2021-05-11,2775
1,2021-05-12,2813
1,2021-05-13,2625
1,2021-05-14,2622
1,2021-05-17,2889
1,2021-05-18,2754
1,2021-05-19,2689
1,2021-05-20,2566
1,2021-05-21,2670
1,2021-05-24,2904
1,2021-05-25,2531
1,2021-05-26,2619
1,2021-05-27,2739
1,2021-05-28,2636
1,2021-05-31,2968
1,2021-06-01,2620
1,2021-06-02,2704
1,2021-06-03,2758
1,2021-06-04,2825
1,2021-06-07,2959
1,2021-06-08,2898
1,2021-06-09,2826
1,2021-06-10,2668
1,2021-06-11,2807
1,2021-06-14,3044
1,2021-06-15,2724
1,2021-06-16,2663
1,2021-06-17,2627
1,2021-06-18,2631
1,2021-06-21,2936
1,2021-06-22,2661
1,2021-06-23,2541
1,2021-06-24,2610
1,2021-06-25,2538
1,2021-06-28,2916
1,2021-06-29,2617
1,2021-06-30,2711
1,2021-07-01,2651
1,2021-07-02,2957
1,2021-07-05,3008
1,2021-07-06,2682
1,2021-07-07,2617
1,2021-07-08,2611
1,2021-07-09,2646
1,2021-07-12,2847
1,2021-07-13,2609
1,2021-07-14,2731
1,2021-07-15,2582
1,2021-07-16,2690
1,2021-07-19,2905
1,2021-07-20,2704
1,2021-07-21,2588
1,2021-07-26,2767
1,2021-07-27,2645
1,2021-07-28,2789
1,2021-07-29,2740
1,2021-07-30,2591
1,2021-08-02,2900
1,2021-08-03,2768
1,2021-08-04,2593
1,2021-08-05,2584
1,2021-08-06,2554
1,2021-08-10,2765
1,2021-08-11,2591
1,2021-08-12,2598
1,2021-08-17,2711
1,2021-08-18,2578
1,2021-08-19,2708
1,2021-08-20,2614
1,2021-08-23,2864
1,2021-08-24,2589
1,2021-08-25,2562
1,2021-08-26,2652
1,2021-08-27,2452
1,2021-08-30,2755
1,2021-08-31,2415
1,2021-09-01,2645
1,2021-09-02,2674
1,2021-09-03,2663
1,2021-09-06,3009
1,2021-09-07,2653
1,2021-09-08,2741
1,2021-09-09,2599
1,2021-09-10,2646
1,2021-09-13,2885
1,2021-09-14,2629
1,2021-09-15,2602
1,2021-09-16,2791
1,2021-09-17,2631
1,2021-09-21,3008
1,2021-09-22,2705
1,2021-09-24,2760
1,2021-09-27,3032
1,2021-09-28,2696
1,2021-09-29,2792
1,2021-09-30,2784
1,2021-10-01,2763
1,2021-10-04,2988
1,2021-10-05,2676
1,2021-10-06,2764
1,2021-10-07,2690
1,2021-10-08,2670
1,2021-10-11,3170
1,2021-10-12,2562
1,2021-10-13,2785
1,2021-10-14,2638
1,2021-10-15,2725
1,2021-10-18,2922
1,2021-10-19,2745
1,2021-10-20,2529
1,2021-10-21,2657
1,2021-10-22,2737
1,2021-10-25,3128
1,2021-10-26,2790
1,2021-10-27,2733
1,2021-10-28,2677
1,2021-10-29,3184
1,2021-11-01,3240
1,2021-11-02,3000
2,2017-03-01,2563
2,2017-03-02,2554
2,2017-03-03,2557
2,2017-03-06,2492
2,2017-03-07,2452
2,2017-03-08,2581
2,2017-03-09,2374
2,2017-03-10,2515
2,2017-03-13,2703
2,2017-03-14,2419
2,2017-03-15,2467
2,2017-03-16,2498
2,2017-03-17,2404
2,2017-03-21,2628
2,2017-03-22,2520
2,2017-03-23,2561
2,2017-03-24,2541
2,2017-03-27,2762
2,2017-03-28,2584
2,2017-03-29,2657
2,2017-03-30,2622
2,2017-03-31,2796
2,2017-04-03,2723
2,2017-04-04,2620
2,2017-04-05,2675
2,2017-04-06,2714
2,2017-04-07,2545
2,2017-04-10,2749
2,2017-04-11,2584
2,2017-04-12,2699
2,2017-04-13,2619
2,2017-04-14,2603
2,2017-04-17,2831
2,2017-04-18,2604
2,2017-04-19,2529
2,2017-04-20,2617
2,2017-04-21,2550
2,2017-04-24,2646
2,2017-04-25,2471
2,2017-04-26,2544
2,2017-04-27,2336
2,2017-04-28,2485
2,2017-05-01,2722
2,2017-05-02,2676
2,2017-05-08,2540
2,2017-05-09,2652
2,2017-05-10,2682
2,2017-05-11,2668
2,2017-05-12,2576
2,2017-05-15,2612
2,2017-05-16,2399
2,2017-05-17,2535
2,2017-05-18,2463
2,2017-05-19,2538
2,2017-05-22,2654
2,2017-05-23,2372
2,2017-05-24,2488
2,2017-05-25,2480
2,2017-05-26,2529
2,2017-05-29,2646
2,2017-05-30,2411
2,2017-05-31,2380
2,2017-06-01,2500
2,2017-06-02,2483
2,2017-06-05,2606
2,2017-06-06,2453
2,2017-06-07,2603
2,2017-06-08,2611
2,2017-06-09,2461
2,2017-06-12,2525
2,2017-06-13,2565
2,2017-06-14,2623
2,2017-06-15,2545
2,2017-06-16,2593
2,2017-06-19,2763
2,2017-06-20,2396
2,2017-06-21,2412
2,2017-06-22,2482
2,2017-06-23,2581
2,2017-06-26,2666
2,2017-06-27,2463
2,2017-06-28,2733
2,2017-06-29,2392
2,2017-06-30,2714
2,2017-07-03,2585
2,2017-07-04,2484
2,2017-07-05,2635
2,2017-07-06,2503
2,2017-07-07,2676
2,2017-07-10,2572
2,2017-07-11,2464
2,2017-07-12,2433
2,2017-07-13,2419
2,2017-07-14,2477
2,2017-07-18,2613
2,2017-07-19,2436
2,2017-07-20,2420
2,2017-07-21,2513
2,2017-07-24,2579
2,2017-07-25,2373
2,2017-07-26,2569
2,2017-07-27,2628
2,2017-07-28,2400
2,2017-07-31,2663
2,2017-08-01,2503
2,2017-08-02,2553
2,2017-08-03,2507
2,2017-08-04,2306
2,2017-08-07,2455
2,2017-08-08,2355
2,2017-08-09,2274
2,2017-08-10,2206
2,2017-08-17,2383
2,2017-08-18,2494
2,2017-08-21,2619
2,2017-08-22,2403
2,2017-08-23,2389
2,2017-08-24,2447
2,2017-08-25,2387
2,2017-08-28,2554
2,2017-08-29,2350
2,2017-08-30,2355
2,2017-08-31,2527
2,2017-09-01,2635
2,2017-09-04,2585
2,2017-09-05,2435
2,2017-09-06,2509
2,2017-09-07,2541
2,2017-09-08,2465
2,2017-09-11,2602
2,2017-09-12,2416
2,2017-09-13,2507
2,2017-09-14,2370
2,2017-09-15,2403
2,2017-09-19,2489
2,2017-09-20,2449
2,2017-09-21,2606
2,2017-09-22,2584
2,2017-09-25,2535
2,2017-09-26,2367
2,2017-09-27,2411
2,2017-09-28,2470
2,2017-09-29,2288
2,2017-10-02,2675
2,2017-10-03,2488
2,2017-10-04,2484
2,2017-10-05,2476
2,2017-10-06,2355
2,2017-10-10,2433
2,2017-10-11,2367
2,2017-10-12,2611
2,2017-10-13,2493
2,2017-10-16,2521
2,2017-10-17,2445
2,2017-10-18,2434
2,2017-10-19,2286
2,2017-10-20,2275
2,2017-10-23,2551
2,2017-10-24,2391
2,2017-10-25,2522
2,2017-10-26,2389
2,2017-10-27,2448
2,2017-10-30,2724
2,2017-10-31,2448
2,2017-11-01,2406
2,2017-11-02,2568
2,2017-11-06,2612
2,2017-11-07,2594
2,2017-11-08,2562
2,2017-11-09,2488
2,2017-11-10,2440
2,2017-11-13,2599
2,2017-11-14,2540
2,2017-11-15,2624
2,2017-11-16,2542
2,2017-11-17,2588
2,2017-11-20,2884
2,2017-11-21,2583
2,2017-11-22,2647
2,2017-11-24,2715
2,2017-11-27,2782
2,2017-11-28,2572
2,2017-11-29,2686
2,2017-11-30,2722
2,2017-12-01,2673
2,2017-12-04,2848
2,2017-12-05,2773
2,2017-12-06,2839
2,2017-12-07,2792
2,2017-12-08,2764
2,2017-12-09,2744
2,2017-12-11,2980
2,2017-12-12,2745
2,2017-12-13,2816
2,2017-12-14,2759
2,2017-12-15,2750
2,2017-12-18,2946
2,2017-12-19,2760
2,2017-12-20,2821
2,2017-12-21,2773
2,2017-12-22,2633
2,2017-12-23,2598
2,2017-12-25,2725
2,2017-12-26,2461
2,2017-12-27,2344
2,2017-12-28,2441
2,2018-01-10,2477
2,2018-01-11,2543
2,2018-01-12,2404
2,2018-01-15,2532
2,2018-01-16,2426
2,2018-01-17,2502
2,2018-01-18,2448
2,2018-01-19,2455
2,2018-01-22,2490
2,2018-01-23,2428
2,2018-01-24,2330
2,2018-01-25,2361
2,2018-01-26,2475
2,2018-01-29,2553
2,2018-01-30,2464
2,2018-01-31,2550
2,2018-02-01,2389
2,2018-02-02,2462
2,2018-02-05,2589
2,2018-02-06,2403
2,2018-02-07,2445
2,2018-02-08,2536
2,2018-02-09,2375
2,2018-02-13,2441
2,2018-02-14,2471
2,2018-02-15,2476
2,2018-02-16,2251
2,2018-02-19,2587
2,2018-02-20,2337
2,2018-02-21,2517
2,2018-02-22,2319
2,2018-02-23,2422
2,2018-02-26,2570
2,2018-02-27,2481
2,2018-02-28,2597
2,2018-03-01,2423
2,2018-03-02,2485
2,2018-03-05,2519
2,2018-03-06,2403
2,2018-03-07,2510
2,2018-03-08,2402
2,2018-03-09,2517
2,2018-03-12,2535
2,2018-03-13,2437
2,2018-03-14,2628
2,2018-03-15,2390
2,2018-03-16,2433
2,2018-03-19,2505
2,2018-03-20,2465
2,2018-03-22,2446
2,2018-03-23,2385
2,2018-03-26,2615
2,2018-03-27,2523
2,2018-03-28,2591
2,2018-03-29,2538
2,2018-03-30,2539
2,2018-04-02,2566
2,2018-04-03,2569
2,2018-04-04,2619
2,2018-04-05,2532
2,2018-04-06,2593
2,2018-04-09,2670
2,2018-04-10,2567
2,2018-04-11,2679
2,2018-04-12,2436
2,2018-04-13,2470
2,2018-04-16,2636
2,2018-04-17,2532
2,2018-04-18,2633
2,2018-04-19,2426
2,2018-04-20,2408
2,2018-04-23,2526
2,2018-04-24,2410
2,2018-04-25,2535
2,2018-04-26,2437
2,2018-04-27,2499
2,2018-05-01,2429
2,2018-05-02,2570
2,2018-05-07,2627
2,2018-05-08,2575
2,2018-05-09,2581
2,2018-05-10,2524
2,2018-05-11,2550
2,2018-05-14,2454
2,2018-05-15,2491
2,2018-05-16,2500
2,2018-05-17,2366
2,2018-05-18,2486
2,2018-05-21,2538
2,2018-05-22,2456
2,2018-05-23,2484
2,2018-05-24,2438
2,2018-05-25,2483
2,2018-05-28,2575
2,2018-05-29,2559
2,2018-05-30,2361
2,2018-05-31,2359
2,2018-06-01,2660
2,2018-06-04,2540
2,2018-06-05,2395
2,2018-06-06,2463
2,2018-06-07,2487
2,2018-06-08,2344
2,2018-06-11,2761
2,2018-06-12,2457
2,2018-06-13,2455
2,2018-06-14,2377
2,2018-06-15,2456
2,2018-06-18,2558
2,2018-06-19,2423
2,2018-06-20,2479
2,2018-06-21,2487
2,2018-06-22,2493
2,2018-06-25,2686
2,2018-06-26,2532
2,2018-06-27,2456
2,2018-06-28,2453
2,2018-06-29,2430
2,2018-07-02,2553
2,2018-07-03,2342
2,2018-07-04,2560
2,2018-07-05,2417
2,2018-07-06,2495
2,2018-07-09,2567
2,2018-07-10,2448
2,2018-07-11,2523
2,2018-07-12,2468
2,2018-07-13,2493
2,2018-07-17,2699
2,2018-07-18,2481
2,2018-07-19,2620
2,2018-07-20,2471
2,2018-07-23,2557
2,2018-07-24,2378
2,2018-07-25,2469
2,2018-07-26,2447
2,2018-07-27,2360
2,2018-07-30,2634
2,2018-07-31,2434
2,2018-08-01,2551
2,2018-08-02,2488
2,2018-08-03,2406
2,2018-08-06,2586
2,2018-08-07,2389
2,2018-08-08,2396
2,2018-08-09,2341
2,2018-08-10,2353
2,2018-08-16,2482
2,2018-08-17,2545
2,2018-08-20,2623
2,2018-08-21,2477
2,2018-08-22,2548
2,2018-08-23,2461
2,2018-08-24,2562
2,2018-08-27,2597
2,2018-08-28,2515
2,2018-08-29,2544
2,2018-08-30,2461
2,2018-08-31,2582
2,2018-09-03,2679
2,2018-09-04,2569
2,2018-09-05,2579
2,2018-09-06,2586
2,2018-09-07,2526
2,2018-09-10,2675
2,2018-09-11,2602
2,2018-09-12,2643
2,2018-09-13,2555
2,2018-09-14,2439
2,2018-09-18,2591
2,2018-09-19,2513
2,2018-09-20,2564
2,2018-09-21,2471
2,2018-09-25,2583
2,2018-09-26,2664
2,2018-09-27,2582
2,2018-09-28,2416
2,2018-10-01,2604
2,2018-10-02,2568
2,2018-10-03,2546
2,2018-10-04,2569
2,2018-10-05,2503
2,2018-10-09,2741
2,2018-10-10,2605
2,2018-10-11,2572
2,2018-10-12,2526
2,2018-10-15,2630
2,2018-10-16,2586
2,2018-10-17,2525
2,2018-10-18,2580
2,2018-10-19,2604
2,2018-10-22,3004
2,2018-10-23,2490
2,2018-10-24,2658
2,2018-10-25,2636
2,2018-10-26,2792
2,2018-10-29,2829
2,2018-10-30,2704
2,2018-10-31,2641
2,2018-11-01,2702
2,2018-11-02,2690
2,2018-11-05,2791
2,2018-11-06,2594
2,2018-11-07,2671
2,2018-11-08,2627
2,2018-11-09,2624
2,2018-11-12,2628
2,2018-11-13,2630
2,2018-11-14,2695
2,2018-11-15,2632
2,2018-11-16,2779
2,2018-11-19,2753
2,2018-11-20,2718
2,2018-11-21,2725
2,2018-11-22,2683
2,2018-11-26,2905
2,2018-11-27,2701
2,2018-11-28,2717
2,2018-11-29,2708
2,2018-11-30,2760
2,2018-12-03,3091
2,2018-12-04,2735
2,2018-12-05,2854
2,2018-12-06,2827
2,2018-12-07,2789
2,2018-12-10,2984
2,2018-12-11,2794
2,2018-12-12,2884
2,2018-12-13,2802
2,2018-12-14,2798
2,2018-12-15,2710
2,2018-12-17,2861
2,2018-12-18,2733
2,2018-12-19,2706
2,2018-12-20,2603
2,2018-12-21,2553
2,2018-12-24,2678
2,2018-12-26,2568
2,2018-12-27,2526
2,2018-12-28,2448
2,2019-01-07,2780
2,2019-01-08,2605
2,2019-01-09,2573
2,2019-01-10,2555
2,2019-01-11,2554
2,2019-01-15,2622
2,2019-01-16,2534
2,2019-01-17,2540
2,2019-01-18,2627
2,2019-01-21,2602
2,2019-01-22,2496
2,2019-01-23,2654
2,2019-01-24,2566
2,2019-01-25,2537
2,2019-01-28,2666
2,2019-01-29,2544
2,2019-01-30,2587
2,2019-01-31,2517
2,2019-02-01,2662
2,2019-02-04,2643
2,2019-02-05,2480
2,2019-02-06,2592
2,2019-02-07,2440
2,2019-02-08,2436
2,2019-02-12,2617
2,2019-02-13,2562
2,2019-02-14,2596
2,2019-02-15,2551
2,2019-02-18,2595
2,2019-02-19,2461
2,2019-02-20,2587
2,2019-02-21,2450
2,2019-02-22,2434
2,2019-02-25,2717
2,2019-02-26,2529
2,2019-02-27,2532
2,2019-02-28,2555
2,2019-03-01,2580
2,2019-03-04,2610
2,2019-03-05,2535
2,2019-03-06,2562
2,2019-03-07,2459
2,2019-03-08,2479
2,2019-03-11,2568
2,2019-03-12,2416
2,2019-03-13,2529
2,2019-03-14,2378
2,2019-03-15,2372
2,2019-03-18,2623
2,2019-03-19,2534
2,2019-03-20,2529
2,2019-03-22,2372
2,2019-03-25,2659
2,2019-03-26,2430
2,2019-03-27,2462
2,2019-03-28,2598
2,2019-03-29,2321
2,2019-04-01,2635
2,2019-04-02,2538
2,2019-04-03,2536
2,2019-04-04,2447
2,2019-04-05,2480
2,2019-04-08,2586
2,2019-04-09,2567
2,2019-04-10,2543
2,2019-04-11,2459
2,2019-04-12,2496
2,2019-04-15,2540
2,2019-04-16,2470
2,2019-04-17,2461
2,2019-04-18,2431
2,2019-04-19,2381
2,2019-04-22,2465
2,2019-04-23,2369
2,2019-04-24,2374
2,2019-04-25,2361
2,2019-04-26,2381
2,2019-04-30,2678
2,2019-05-07,2439
2,2019-05-08,2505
2,2019-05-09,2505
2,2019-05-10,2400
2,2019-05-13,2507
2,2019-05-14,2392
2,2019-05-15,2403
2,2019-05-16,2397
2,2019-05-17,2438
2,2019-05-20,2654
2,2019-05-21,2412
2,2019-05-22,2434
2,2019-05-23,2414
2,2019-05-24,2425
2,2019-05-27,2631
2,2019-05-28,2516
2,2019-05-29,2524
2,2019-05-30,2474
2,2019-05-31,2633
2,2019-06-03,2596
2,2019-06-04,2469
2,2019-06-05,2503
2,2019-06-06,2475
2,2019-06-07,2478
2,2019-06-10,2589
2,2019-06-11,2523
2,2019-06-12,2604
2,2019-06-13,2495
2,2019-06-14,2414
2,2019-06-17,2489
2,2019-06-18,2380
2,2019-06-19,2454
2,2019-06-20,2434
2,2019-06-21,2480
2,2019-06-24,2777
2,2019-06-25,2453
2,2019-06-26,2522
2,2019-06-27,2390
2,2019-06-28,2314
2,2019-07-01,2498
2,2019-07-02,2417
2,2019-07-03,2469
2,2019-07-04,2351
2,2019-07-05,2536
2,2019-07-08,2491
2,2019-07-09,2449
2,2019-07-10,2489
2,2019-07-11,2353
2,2019-07-12,2445
2,2019-07-16,2506
2,2019-07-17,2477
2,2019-07-18,2639
2,2019-07-19,2419
2,2019-07-22,2596
2,2019-07-23,2422
2,2019-07-24,2380
2,2019-07-25,2476
2,2019-07-26,2456
2,2019-07-29,2575
2,2019-07-30,2367
2,2019-07-31,2429
2,2019-08-01,2459
2,2019-08-02,2532
2,2019-08-05,2466
2,2019-08-06,2355
2,2019-08-07,2332
2,2019-08-08,2327
2,2019-08-09,2264
2,2019-08-13,2397
2,2019-08-14,2593
2,2019-08-15,2554
2,2019-08-20,2535
2,2019-08-21,2387
2,2019-08-22,2456
2,2019-08-23,2383
2,2019-08-26,2577
2,2019-08-27,2430
2,2019-08-28,2421
2,2019-08-29,2449
2,2019-08-30,2520
2,2019-09-02,2597
2,2019-09-03,2395
2,2019-09-04,2411
2,2019-09-05,2388
2,2019-09-06,2364
2,2019-09-09,2462
2,2019-09-10,2353
2,2019-09-11,2464
2,2019-09-12,2348
2,2019-09-13,2353
2,2019-09-17,2590
2,2019-09-18,2394
2,2019-09-19,2405
2,2019-09-20,2468
2,2019-09-24,2743
2,2019-09-25,2517
2,2019-09-26,2445
2,2019-09-27,2651
2,2019-09-30,2662
2,2019-10-01,2420
2,2019-10-02,2477
2,2019-10-03,2595
2,2019-10-04,2411
2,2019-10-07,2559
2,2019-10-08,2440
2,2019-10-09,2520
2,2019-10-10,2315
2,2019-10-11,2215
2,2019-10-15,2450
2,2019-10-16,2371
2,2019-10-17,2367
2,2019-10-18,2346
2,2019-10-21,2547
2,2019-10-23,2317
2,2019-10-24,2441
2,2019-10-25,2381
2,2019-10-28,2515
2,2019-10-29,2325
2,2019-10-30,2474
2,2019-10-31,2449
2,2019-11-01,2512
2,2019-11-05,2541
2,2019-11-06,2414
2,2019-11-07,2482
2,2019-11-08,2389
2,2019-11-11,2443
2,2019-11-12,2435
2,2019-11-13,2394
2,2019-11-14,2446
2,2019-11-15,2533
2,2019-11-18,2516
2,2019-11-19,2562
2,2019-11-20,2546
2,2019-11-21,2543
2,2019-11-22,2495
2,2019-11-25,2688
2,2019-11-26,2392
2,2019-11-27,2477
2,2019-11-28,2443
2,2019-11-29,2600
2,2019-12-02,2626
2,2019-12-03,2295
2,2019-12-04,2524
2,2019-12-05,2329
2,2019-12-06,2488
2,2019-12-07,2290
2,2019-12-09,2439
2,2019-12-10,2350
2,2019-12-11,2444
2,2019-12-12,2380
2,2019-12-13,2387
2,2019-12-16,2551
2,2019-12-17,2382
2,2019-12-18,2514
2,2019-12-19,2439
2,2019-12-20,2287
2,2019-12-23,2527
2,2019-12-24,2397
2,2019-12-25,2418
2,2019-12-26,2270
2,2019-12-28,2183
2,2020-01-06,2334
2,2020-01-07,2316
2,2020-01-08,2358
2,2020-01-09,2257
2,2020-01-10,2368
2,2020-01-14,2387
2,2020-01-15,2226
2,2020-01-16,2269
2,2020-01-17,2281
2,2020-01-20,2534
2,2020-01-21,2268
2,2020-01-22,2495
2,2020-01-23,2372
2,2020-01-24,2423
2,2020-01-27,2339
2,2020-01-28,2260
2,2020-01-29,2377
2,2020-01-30,2270
2,2020-01-31,2388
2,2020-02-03,2447
2,2020-02-04,2321
2,2020-02-05,2321
2,2020-02-06,2269
2,2020-02-07,2121
2,2020-02-10,2382
2,2020-02-12,2257
2,2020-02-13,2200
2,2020-02-14,2242
2,2020-02-17,2162
2,2020-02-18,2257
2,2020-02-19,2206
2,2020-02-20,2051
2,2020-02-21,2032
2,2020-02-25,2253
2,2020-02-26,1975
2,2020-02-27,2204
2,2020-02-28,2096
2,2020-03-02,2082
2,2020-03-03,2000
2,2020-03-04,2031
2,2020-03-05,1994
2,2020-03-06,1971
2,2020-03-09,1882
2,2020-03-10,1738
2,2020-03-11,1943
2,2020-03-12,1747
2,2020-03-13,1685
2,2020-03-16,1790
2,2020-03-17,1820
2,2020-03-18,1685
2,2020-03-19,1868
2,2020-03-23,2032
2,2020-03-24,1862
2,2020-03-25,2087
2,2020-03-26,2006
2,2020-03-27,2086
2,2020-03-30,2136
2,2020-03-31,2257
2,2020-04-01,1937
2,2020-04-02,2031
2,2020-04-03,1932
2,2020-04-06,2058
2,2020-04-07,1847
2,2020-04-08,1809
2,2020-04-09,1731
2,2020-04-10,1617
2,2020-04-13,1719
2,2020-04-14,1638
2,2020-04-15,1545
2,2020-04-16,1494
2,2020-04-17,1567
2,2020-04-20,1589
2,2020-04-21,1540
2,2020-04-22,1557
2,2020-04-23,1570
2,2020-04-24,1539
2,2020-04-27,1846
2,2020-04-28,1917
2,2020-04-30,1992
2,2020-05-01,1841
2,2020-05-02,2049
2,2020-05-08,2028
2,2020-05-11,2058
2,2020-05-12,1916
2,2020-05-13,1945
2,2020-05-14,2006
2,2020-05-15,1811
2,2020-05-18,2039
2,2020-05-19,1767
2,2020-05-20,1886
2,2020-05-21,1779
2,2020-05-22,1882
2,2020-05-25,1870
2,2020-05-26,1863
2,2020-05-27,1868
2,2020-05-28,1806
2,2020-05-29,1820
2,2020-06-01,1953
2,2020-06-02,1769
2,2020-06-03,1937
2,2020-06-04,1815
2,2020-06-05,1844
2,2020-06-08,1890
2,2020-06-09,1835
2,2020-06-10,1880
2,2020-06-11,1932
2,2020-06-12,1845
2,2020-06-15,1970
2,2020-06-16,1897
2,2020-06-17,1937
2,2020-06-18,1876
2,2020-06-19,2097
2,2020-06-22,2034
2,2020-06-23,1955
2,2020-06-24,2001
2,2020-06-25,1878
2,2020-06-26,1950
2,2020-06-29,2031
2,2020-06-30,2020
2,2020-07-01,1959
2,2020-07-02,1927
2,2020-07-03,2002
2,2020-07-06,2016
2,2020-07-07,1965
2,2020-07-08,2013
2,2020-07-09,1959
2,2020-07-10,2076
2,2020-07-13,2007
2,2020-07-14,2094
2,2020-07-15,2030
2,2020-07-16,2055
2,2020-07-17,2069
2,2020-07-20,2147
2,2020-07-21,2074
2,2020-07-22,1992
2,2020-07-27,2160
2,2020-07-28,2083
2,2020-07-29,2132
2,2020-07-30,2081
2,2020-07-31,2239
2,2020-08-03,2224
2,2020-08-04,2125
2,2020-08-05,2182
2,2020-08-06,2040
2,2020-08-07,1971
2,2020-08-11,2090
2,2020-08-12,1980
2,2020-08-13,2022
2,2020-08-18,2153
2,2020-08-19,2144
2,2020-08-20,2082
2,2020-08-21,2103
2,2020-08-24,2096
2,2020-08-25,2007
2,2020-08-26,2016
2,2020-08-27,2132
2,2020-08-28,2018
2,2020-08-31,2059
2,2020-09-01,2082
2,2020-09-02,2024
2,2020-09-03,1989
2,2020-09-04,2085
2,2020-09-07,2119
2,2020-09-08,2071
2,2020-09-09,2122
2,2020-09-10,2091
2,2020-09-11,2058
2,2020-09-14,2047
2,2020-09-15,2061
2,2020-09-16,2109
2,2020-09-17,2074
2,2020-09-18,2040
2,2020-09-23,2293
2,2020-09-24,2196
2,2020-09-25,2199
2,2020-09-28,2283
2,2020-09-29,2205
2,2020-09-30,2232
2,2020-10-01,2200
2,2020-10-02,2255
2,2020-10-05,2387
2,2020-10-06,2286
2,2020-10-07,2363
2,2020-10-08,2269
2,2020-10-09,2243
2,2020-10-12,2320
2,2020-10-13,2393
2,2020-10-14,2379
2,2020-10-15,2399
2,2020-10-16,2289
2,2020-10-19,2288
2,2020-10-20,2436
2,2020-10-21,2372
2,2020-10-22,2342
2,2020-10-23,2425
2,2020-10-26,2447
2,2020-10-27,2429
2,2020-10-28,2377
2,2020-10-29,2375
2,2020-10-30,2553
2,2020-11-02,2588
2,2020-11-04,2507
2,2020-11-05,2584
2,2020-11-06,2518
2,2020-11-09,2499
2,2020-11-10,2595
2,2020-11-11,2531
2,2020-11-12,2497
2,2020-11-13,2484
2,2020-11-16,2637
2,2020-11-17,2565
2,2020-11-18,2590
2,2020-11-19,2427
2,2020-11-20,2488
2,2020-11-24,2628
2,2020-11-25,2544
2,2020-11-26,2623
2,2020-11-27,2461
2,2020-11-28,2463
2,2020-11-30,2629
2,2020-12-01,2535
2,2020-12-02,2579
2,2020-12-03,2554
2,2020-12-04,2692
2,2020-12-07,2710
2,2020-12-08,2703
2,2020-12-09,2571
2,2020-12-10,2663
2,2020-12-11,2633
2,2020-12-12,2634
2,2020-12-14,2717
2,2020-12-15,2644
2,2020-12-16,2637
2,2020-12-17,2680
2,2020-12-18,2773
2,2020-12-21,2905
2,2020-12-22,2861
2,2020-12-23,2862
2,2020-12-24,2658
2,2020-12-25,2740
2,2020-12-28,2661
2,2021-01-06,2602
2,2021-01-07,2530
2,2021-01-08,2530
2,2021-01-12,2424
2,2021-01-13,2422
2,2021-01-14,2462
2,2021-01-15,2452
2,2021-01-18,2421
2,2021-01-19,2426
2,2021-01-20,2399
2,2021-01-21,2316
2,2021-01-22,2485
2,2021-01-25,2383
2,2021-01-26,2405
2,2021-01-27,2402
2,2021-01-28,2368
2,2021-01-29,2456
2,2021-02-01,2446
2,2021-02-02,2388
2,2021-02-03,2519
2,2021-02-04,2350
2,2021-02-05,2415
2,2021-02-08,2469
2,2021-02-09,2472
2,2021-02-10,2369
2,2021-02-12,2320
2,2021-02-15,2490
2,2021-02-16,2418
2,2021-02-17,2433
2,2021-02-18,2442
2,2021-02-19,2453
2,2021-02-22,2529
2,2021-02-24,2504
2,2021-02-25,2558
2,2021-02-26,2518
2,2021-03-01,2545
2,2021-03-02,2519
2,2021-03-03,2532
2,2021-03-04,2574
2,2021-03-05,2592
2,2021-03-08,2584
2,2021-03-09,2564
2,2021-03-10,2627
2,2021-03-11,2539
2,2021-03-12,2568
2,2021-03-15,2646
2,2021-03-16,2566
2,2021-03-17,2578
2,2021-03-18,2582
2,2021-03-19,2603
2,2021-03-22,2633
2,2021-03-23,2623
2,2021-03-24,2678
2,2021-03-25,2693
2,2021-03-26,2670
2,2021-03-29,2712
2,2021-03-30,2742
2,2021-03-31,2711
2,2021-04-01,2671
2,2021-04-02,2705
2,2021-04-05,2722
2,2021-04-06,2630
2,2021-04-07,2722
2,2021-04-08,2672
2,2021-04-09,2669
2,2021-04-12,2721
2,2021-04-13,2667
2,2021-04-14,2661
2,2021-04-15,2637
2,2021-04-16,2626
2,2021-04-19,2668
2,2021-04-20,2609
2,2021-04-21,2579
2,2021-04-22,2607
2,2021-04-23,2485
2,2021-04-26,2581
2,2021-04-27,2509
2,2021-04-28,2574
2,2021-04-30,2493
2,2021-05-01,2521
2,2021-05-07,2531
2,2021-05-10,2490
2,2021-05-11,2530
2,2021-05-12,2488
2,2021-05-13,2475
2,2021-05-14,2394
2,2021-05-17,2511
2,2021-05-18,2425
2,2021-05-19,2300
2,2021-05-20,2318
2,2021-05-21,2348
2,2021-05-24,2332
2,2021-05-25,2326
2,2021-05-26,2277
2,2021-05-27,2355
2,2021-05-28,2304
2,2021-05-31,2366
2,2021-06-01,2328
2,2021-06-02,2370
2,2021-06-03,2406
2,2021-06-04,2370
2,2021-06-07,2471
2,2021-06-08,2482
2,2021-06-09,2506
2,2021-06-10,2393
2,2021-06-11,2430
2,2021-06-14,2505
2,2021-06-15,2411
2,2021-06-16,2460
2,2021-06-17,2390
2,2021-06-18,2386
2,2021-06-21,2438
2,2021-06-22,2430
2,2021-06-23,2405
2,2021-06-24,2373
2,2021-06-25,2382
2,2021-06-28,2526
2,2021-06-29,2395
2,2021-06-30,2395
2,2021-07-01,2372
2,2021-07-02,2434
2,2021-07-05,2480
2,2021-07-06,2408
2,2021-07-07,2399
2,2021-07-08,2359
2,2021-07-09,2328
2,2021-07-12,2401
2,2021-07-13,2297
2,2021-07-14,2367
2,2021-07-15,2322
2,2021-07-16,2255
2,2021-07-19,2385
2,2021-07-20,2328
2,2021-07-21,2319
2,2021-07-26,2409
2,2021-07-27,2391
2,2021-07-28,2388
2,2021-07-29,2396
2,2021-07-30,2393
2,2021-08-02,2417
2,2021-08-03,2366
2,2021-08-04,2352
2,2021-08-05,2348
2,2021-08-06,2238
2,2021-08-10,2267
2,2021-08-11,2322
2,2021-08-12,2287
2,2021-08-17,2311
2,2021-08-18,2246
2,2021-08-19,2280
2,2021-08-20,2210
2,2021-08-23,2361
2,2021-08-24,2164
2,2021-08-25,2197
2,2021-08-26,2177
2,2021-08-27,2007
2,2021-08-30,2360
2,2021-08-31,2137
2,2021-09-01,2231
2,2021-09-02,2296
2,2021-09-03,2183
2,2021-09-06,2422
2,2021-09-07,2321
2,2021-09-08,2317
2,2021-09-09,2298
2,2021-09-10,2324
2,2021-09-13,2342
2,2021-09-14,2254
2,2021-09-15,2240
2,2021-09-16,2315
2,2021-09-17,2311
2,2021-09-21,2366
2,2021-09-22,2349
2,2021-09-24,2371
2,2021-09-27,2456
2,2021-09-28,2395
2,2021-09-29,2505
2,2021-09-30,2385
2,2021-10-01,2568
2,2021-10-04,2446
2,2021-10-05,2372
2,2021-10-06,2507
2,2021-10-07,2395
2,2021-10-08,2326
2,2021-10-11,2586
2,2021-10-12,2350
2,2021-10-13,2358
2,2021-10-14,2325
2,2021-10-15,2326
2,2021-10-18,2464
2,2021-10-19,2382
2,2021-10-20,2247
2,2021-10-21,2356
2,2021-10-22,2353
2,2021-10-25,2490
2,2021-10-26,2277
2,2021-10-27,2349
2,2021-10-28,2297
2,2021-10-29,2456
2,2021-11-01,2921
2,2021-11-02,2470
3,2017-03-01,2394
3,2017-03-02,2231
3,2017-03-03,2156
3,2017-03-06,2167
3,2017-03-07,2118
3,2017-03-08,2159
3,2017-03-09,2107
3,2017-03-10,2183
3,2017-03-13,2442
3,2017-03-14,2149
3,2017-03-15,2164
3,2017-03-16,2140
3,2017-03-17,2063
3,2017-03-21,2170
3,2017-03-22,2172
3,2017-03-23,2128
3,2017-03-24,2252
3,2017-03-27,2254
3,2017-03-28,2305
3,2017-03-29,2406
3,2017-03-30,2232
3,2017-03-31,2382
3,2017-04-03,2323
3,2017-04-04,2249
3,2017-04-05,2330
3,2017-04-06,2251
3,2017-04-07,2256
3,2017-04-10,2324
3,2017-04-11,2333
3,2017-04-12,2277
3,2017-04-13,2268
3,2017-04-14,2348
3,2017-04-17,2297
3,2017-04-18,2185
3,2017-04-19,2203
3,2017-04-20,2290
3,2017-04-21,2201
3,2017-04-24,2269
3,2017-04-25,2259
3,2017-04-26,2245
3,2017-04-27,2167
3,2017-04-28,2253
3,2017-05-01,2134
3,2017-05-02,2341
3,2017-05-08,2267
3,2017-05-09,2241
3,2017-05-10,2353
3,2017-05-11,2216
3,2017-05-12,2232
3,2017-05-15,2244
3,2017-05-16,2156
3,2017-05-17,2290
3,2017-05-18,2160
3,2017-05-19,1939
3,2017-05-22,2180
3,2017-05-23,2105
3,2017-05-24,2113
3,2017-05-25,2077
3,2017-05-26,1999
3,2017-05-29,2389
3,2017-05-30,2120
3,2017-05-31,2063
3,2017-06-01,2139
3,2017-06-02,2053
3,2017-06-05,2167
3,2017-06-06,2112
3,2017-06-07,2071
3,2017-06-08,2128
3,2017-06-09,2105
3,2017-06-12,2138
3,2017-06-13,2178
3,2017-06-14,2344
3,2017-06-15,2114
3,2017-06-16,2205
3,2017-06-19,2217
3,2017-06-20,2254
3,2017-06-21,2164
3,2017-06-22,2230
3,2017-06-23,2232
3,2017-06-26,2347
3,2017-06-27,2162
3,2017-06-28,2234
3,2017-06-29,2059
3,2017-06-30,2253
3,2017-07-03,2191
3,2017-07-04,2166
3,2017-07-05,2253
3,2017-07-06,2175
3,2017-07-07,2195
3,2017-07-10,2116
3,2017-07-11,2155
3,2017-07-12,2201
3,2017-07-13,2083
3,2017-07-14,2017
3,2017-07-18,2218
3,2017-07-19,2125
3,2017-07-20,2081
3,2017-07-21,2174
3,2017-07-24,2176
3,2017-07-25,2030
3,2017-07-26,2115
3,2017-07-27,1946
3,2017-07-28,2024
3,2017-07-31,2070
3,2017-08-01,2109
3,2017-08-02,2100
3,2017-08-03,2133
3,2017-08-04,1889
3,2017-08-07,2164
3,2017-08-08,1920
3,2017-08-09,1967
3,2017-08-10,1777
3,2017-08-17,1867
3,2017-08-18,1842
3,2017-08-21,2160
3,2017-08-22,1987
3,2017-08-23,1998
3,2017-08-24,1928
3,2017-08-25,1951
3,2017-08-28,1869
3,2017-08-29,2046
3,2017-08-30,2145
3,2017-08-31,2163
3,2017-09-01,2035
3,2017-09-04,2036
3,2017-09-05,2030
3,2017-09-06,1994
3,2017-09-07,2029
3,2017-09-08,1790
3,2017-09-11,1863
3,2017-09-12,1990
3,2017-09-13,1997
3,2017-09-14,1955
3,2017-09-15,1818
3,2017-09-19,1909
3,2017-09-20,1975
3,2017-09-21,2102
3,2017-09-22,2046
3,2017-09-25,2180
3,2017-09-26,2059
3,2017-09-27,2107
3,2017-09-28,2199
3,2017-09-29,1899
3,2017-10-02,2154
3,2017-10-03,1986
3,2017-10-04,2049
3,2017-10-05,2182
3,2017-10-06,1933
3,2017-10-10,2028
3,2017-10-11,2049
3,2017-10-12,2047
3,2017-10-13,2004
3,2017-10-16,2050
3,2017-10-17,1989
3,2017-10-18,1889
3,2017-10-19,1901
3,2017-10-20,2019
3,2017-10-23,2064
3,2017-10-24,2092
3,2017-10-25,2198
3,2017-10-26,2082
3,2017-10-27,2173
3,2017-10-30,2078
3,2017-10-31,2144
3,2017-11-01,2146
3,2017-11-02,2115
3,2017-11-06,2039
3,2017-11-07,2143
3,2017-11-08,2135
3,2017-11-09,2085
3,2017-11-10,2000
3,2017-11-13,2152
3,2017-11-14,2119
3,2017-11-15,2235
3,2017-11-16,2226
3,2017-11-17,2224
3,2017-11-20,2319
3,2017-11-21,2167
3,2017-11-22,2276
3,2017-11-24,2340
3,2017-11-27,2256
3,2017-11-28,2295
3,2017-11-29,2377
3,2017-11-30,2378
3,2017-12-01,2400
3,2017-12-04,2411
3,2017-12-05,2416
3,2017-12-06,2435
3,2017-12-07,2383
3,2017-12-08,2519
3,2017-12-09,2331
3,2017-12-11,2640
3,2017-12-12,2470
3,2017-12-13,2520
3,2017-12-14,2529
3,2017-12-15,2480
3,2017-12-18,2505
3,2017-12-19,2523
3,2017-12-20,2540
3,2017-12-21,2409
3,2017-12-22,2430
3,2017-12-23,2341
3,2017-12-25,2451
3,2017-12-26,2211
3,2017-12-27,2102
3,2017-12-28,2247
3,2018-01-10,2175
3,2018-01-11,2094
3,2018-01-12,2061
3,2018-01-15,2071
3,2018-01-16,2121
3,2018-01-17,2115
3,2018-01-18,2160
3,2018-01-19,2256
3,2018-01-22,2089
3,2018-01-23,2033
3,2018-01-24,2186
3,2018-01-25,2052
3,2018-01-26,2115
3,2018-01-29,2099
3,2018-01-30,2213
3,2018-01-31,2166
3,2018-02-01,2141
3,2018-02-02,2043
3,2018-02-05,2094
3,2018-02-06,2124
3,2018-02-07,2109
3,2018-02-08,2114
3,2018-02-09,2042
3,2018-02-13,1971
3,2018-02-14,2016
3,2018-02-15,2106
3,2018-02-16,2003
3,2018-02-19,2131
3,2018-02-20,2052
3,2018-02-21,2058
3,2018-02-22,1990
3,2018-02-23,1969
3,2018-02-26,2110
3,2018-02-27,2090
3,2018-02-28,1954
3,2018-03-01,2243
3,2018-03-02,2122
3,2018-03-05,2272
3,2018-03-06,2113
3,2018-03-07,2086
3,2018-03-08,2108
3,2018-03-09,2100
3,2018-03-12,2306
3,2018-03-13,2116
3,2018-03-14,2032
3,2018-03-15,2006
3,2018-03-16,1951
3,2018-03-19,2085
3,2018-03-20,1984
3,2018-03-22,2066
3,2018-03-23,2240
3,2018-03-26,2154
3,2018-03-27,2039
3,2018-03-28,2120
3,2018-03-29,2093
3,2018-03-30,2221
3,2018-04-02,2249
3,2018-04-03,2151
3,2018-04-04,2184
3,2018-04-05,2091
3,2018-04-06,2202
3,2018-04-09,2155
3,2018-04-10,2140
3,2018-04-11,2242
3,2018-04-12,2105
3,2018-04-13,2119
3,2018-04-16,2109
3,2018-04-17,2190
3,2018-04-18,2391
3,2018-04-19,2191
3,2018-04-20,2207
3,2018-04-23,2156
3,2018-04-24,2064
3,2018-04-25,2151
3,2018-04-26,2092
3,2018-04-27,2049
3,2018-05-01,2133
3,2018-05-02,2267
3,2018-05-07,2348
3,2018-05-08,2273
3,2018-05-09,2311
3,2018-05-10,2189
3,2018-05-11,2195
3,2018-05-14,2152
3,2018-05-15,2215
3,2018-05-16,2225
3,2018-05-17,2113
3,2018-05-18,2079
3,2018-05-21,2170
3,2018-05-22,2192
3,2018-05-23,2125
3,2018-05-24,2101
3,2018-05-25,2160
3,2018-05-28,2093
3,2018-05-29,2100
3,2018-05-30,2055
3,2018-05-31,2004
3,2018-06-01,2195
3,2018-06-04,2090
3,2018-06-05,2165
3,2018-06-06,2199
3,2018-06-07,2147
3,2018-06-08,2098
3,2018-06-11,2232
3,2018-06-12,2168
3,2018-06-13,2272
3,2018-06-14,2019
3,2018-06-15,2041
3,2018-06-18,2163
3,2018-06-19,2034
3,2018-06-20,2201
3,2018-06-21,2165
3,2018-06-22,2084
3,2018-06-25,2301
3,2018-06-26,2093
3,2018-06-27,2116
3,2018-06-28,2116
3,2018-06-29,2289
3,2018-07-02,2135
3,2018-07-03,2043
3,2018-07-04,2138
3,2018-07-05,2103
3,2018-07-06,2073
3,2018-07-09,2123
3,2018-07-10,2182
3,2018-07-11,2134
3,2018-07-12,2177
3,2018-07-13,2134
3,2018-07-17,2199
3,2018-07-18,2225
3,2018-07-19,2146
3,2018-07-20,2201
3,2018-07-23,2312
3,2018-07-24,2165
3,2018-07-25,2195
3,2018-07-26,2258
3,2018-07-27,2144
3,2018-07-30,2276
3,2018-07-31,2222
3,2018-08-01,2339
3,2018-08-02,2330
3,2018-08-03,2227
3,2018-08-06,2146
3,2018-08-07,2132
3,2018-08-08,2128
3,2018-08-09,2077
3,2018-08-10,2090
3,2018-08-16,2297
3,2018-08-20,2217
3,2018-08-21,2197
3,2018-08-22,2333
3,2018-08-23,2277
3,2018-08-24,2235
3,2018-08-27,2209
3,2018-08-28,2319
3,2018-08-29,2395
3,2018-08-30,2278
3,2018-08-31,2328
3,2018-09-03,2222
3,2018-09-04,2310
3,2018-09-05,2271
3,2018-09-06,2282
3,2018-09-07,2227
3,2018-09-10,2279
3,2018-09-11,2246
3,2018-09-12,2276
3,2018-09-13,2236
3,2018-09-14,2188
3,2018-09-18,2474
3,2018-09-19,2325
3,2018-09-20,2349
3,2018-09-21,2212
3,2018-09-25,2326
3,2018-09-26,2331
3,2018-09-27,2195
3,2018-09-28,2095
3,2018-10-01,2288
3,2018-10-02,2250
3,2018-10-03,2229
3,2018-10-04,2350
3,2018-10-05,2219
3,2018-10-09,2244
3,2018-10-10,2251
3,2018-10-11,2289
3,2018-10-12,2228
3,2018-10-15,2297
3,2018-10-16,2337
3,2018-10-17,2327
3,2018-10-18,2273
3,2018-10-19,2212
3,2018-10-22,2911
3,2018-10-23,2322
3,2018-10-24,2629
3,2018-10-25,2278
3,2018-10-26,2427
3,2018-10-29,2390
3,2018-10-30,2440
3,2018-10-31,2453
3,2018-11-01,2443
3,2018-11-02,2450
3,2018-11-05,2413
3,2018-11-06,2420
3,2018-11-07,2342
3,2018-11-08,2392
3,2018-11-09,2379
3,2018-11-12,2331
3,2018-11-13,2434
3,2018-11-14,2386
3,2018-11-15,2447
3,2018-11-16,2511
3,2018-11-19,2517
3,2018-11-20,2494
3,2018-11-21,2547
3,2018-11-22,2424
3,2018-11-26,2632
3,2018-11-27,2394
3,2018-11-28,2454
3,2018-11-29,2470
3,2018-11-30,2533
3,2018-12-03,2451
3,2018-12-04,2495
3,2018-12-05,2586
3,2018-12-06,2564
3,2018-12-07,2510
3,2018-12-10,2612
3,2018-12-11,2566
3,2018-12-12,2457
3,2018-12-13,2559
3,2018-12-14,2509
3,2018-12-15,2541
3,2018-12-17,2363
3,2018-12-18,2483
3,2018-12-19,2551
3,2018-12-20,2406
3,2018-12-21,2385
3,2018-12-24,2430
3,2018-12-26,2425
3,2018-12-27,2351
3,2018-12-28,2245
3,2019-01-07,2405
3,2019-01-08,2379
3,2019-01-09,2296
3,2019-01-10,2264
3,2019-01-11,2311
3,2019-01-15,2310
3,2019-01-16,2303
3,2019-01-17,2240
3,2019-01-18,2318
3,2019-01-21,2225
3,2019-01-22,2110
3,2019-01-23,2414
3,2019-01-24,2291
3,2019-01-25,2241
3,2019-01-28,2301
3,2019-01-29,2353
3,2019-01-30,2254
3,2019-01-31,2201
3,2019-02-01,2431
3,2019-02-04,2338
3,2019-02-05,2288
3,2019-02-06,2332
3,2019-02-07,2270
3,2019-02-08,2236
3,2019-02-12,2353
3,2019-02-13,2335
3,2019-02-14,2341
3,2019-02-15,2087
3,2019-02-18,2356
3,2019-02-19,2230
3,2019-02-20,2290
3,2019-02-21,2264
3,2019-02-22,2281
3,2019-02-25,2450
3,2019-02-26,2315
3,2019-02-27,2279
3,2019-02-28,2351
3,2019-03-01,2398
3,2019-03-04,2372
3,2019-03-05,2248
3,2019-03-06,2385
3,2019-03-07,2263
3,2019-03-08,2368
3,2019-03-11,2307
3,2019-03-12,2217
3,2019-03-13,2300
3,2019-03-14,2109
3,2019-03-15,2241
3,2019-03-18,2148
3,2019-03-19,2237
3,2019-03-20,2263
3,2019-03-22,2233
3,2019-03-25,2380
3,2019-03-26,2263
3,2019-03-27,2288
3,2019-03-28,2259
3,2019-03-29,2183
3,2019-04-01,2328
3,2019-04-02,2360
3,2019-04-03,2218
3,2019-04-04,2197
3,2019-04-05,2267
3,2019-04-08,2217
3,2019-04-09,2212
3,2019-04-10,2298
3,2019-04-11,2242
3,2019-04-12,2245
3,2019-04-15,2278
3,2019-04-16,2286
3,2019-04-17,2293
3,2019-04-18,2211
3,2019-04-19,2241
3,2019-04-22,2275
3,2019-04-23,2233
3,2019-04-24,2140
3,2019-04-25,2098
3,2019-04-26,2106
3,2019-04-30,2270
3,2019-05-07,2211
3,2019-05-08,2285
3,2019-05-09,2270
3,2019-05-10,2154
3,2019-05-13,2129
3,2019-05-14,2077
3,2019-05-15,2267
3,2019-05-16,2127
3,2019-05-17,2125
3,2019-05-20,2187
3,2019-05-21,2175
3,2019-05-22,2211
3,2019-05-23,2207
3,2019-05-24,2240
3,2019-05-27,2185
3,2019-05-28,2221
3,2019-05-29,2319
3,2019-05-30,2150
3,2019-05-31,2175
3,2019-06-03,2300
3,2019-06-04,2307
3,2019-06-05,2253
3,2019-06-06,2182
3,2019-06-07,2336
3,2019-06-10,2246
3,2019-06-11,2346
3,2019-06-12,2339
3,2019-06-13,2396
3,2019-06-14,2253
3,2019-06-18,2200
3,2019-06-19,2213
3,2019-06-20,2237
3,2019-06-21,2053
3,2019-06-24,2171
3,2019-06-25,2175
3,2019-06-26,2255
3,2019-06-27,2150
3,2019-06-28,2176
3,2019-07-01,2140
3,2019-07-02,2165
3,2019-07-03,2258
3,2019-07-04,2086
3,2019-07-05,2177
3,2019-07-08,2076
3,2019-07-09,2293
3,2019-07-10,2136
3,2019-07-11,2080
3,2019-07-12,2267
3,2019-07-16,2187
3,2019-07-17,2301
3,2019-07-18,2323
3,2019-07-19,2134
3,2019-07-22,2325
3,2019-07-23,2291
3,2019-07-24,2120
3,2019-07-25,2253
3,2019-07-26,2305
3,2019-07-29,2170
3,2019-07-30,2371
3,2019-07-31,2369
3,2019-08-01,2149
3,2019-08-02,2319
3,2019-08-05,2186
3,2019-08-06,2123
3,2019-08-07,2053
3,2019-08-08,2021
3,2019-08-09,2089
3,2019-08-15,2271
3,2019-08-20,2133
3,2019-08-21,2213
3,2019-08-22,2242
3,2019-08-23,2184
3,2019-08-26,2056
3,2019-08-27,2222
3,2019-08-28,2195
3,2019-08-29,2081
3,2019-08-30,2122
3,2019-09-02,2199
3,2019-09-03,2128
3,2019-09-04,2128
3,2019-09-05,2168
3,2019-09-06,2228
3,2019-09-09,2192
3,2019-09-10,2016
3,2019-09-11,2221
3,2019-09-12,2126
3,2019-09-13,2083
3,2019-09-17,2302
3,2019-09-18,2176
3,2019-09-19,2151
3,2019-09-24,2241
3,2019-09-25,2275
3,2019-09-26,2133
3,2019-09-27,2266
3,2019-09-30,2160
3,2019-10-01,2293
3,2019-10-02,2287
3,2019-10-03,2374
3,2019-10-04,2188
3,2019-10-07,2271
3,2019-10-08,2195
3,2019-10-09,2174
3,2019-10-10,2107
3,2019-10-11,2120
3,2019-10-15,2221
3,2019-10-16,2155
3,2019-10-17,2181
3,2019-10-18,2120
3,2019-10-21,2194
3,2019-10-23,2147
3,2019-10-24,2123
3,2019-10-25,2121
3,2019-10-28,2201
3,2019-10-29,2129
3,2019-10-30,2178
3,2019-10-31,2262
3,2019-11-01,2270
3,2019-11-05,2321
3,2019-11-06,2260
3,2019-11-07,2328
3,2019-11-08,2136
3,2019-11-11,2174
3,2019-11-12,2264
3,2019-11-13,2191
3,2019-11-14,2199
3,2019-11-15,2192
3,2019-11-18,2145
3,2019-11-19,2343
3,2019-11-20,2090
3,2019-11-21,2193
3,2019-11-22,2122
3,2019-11-25,2206
3,2019-11-26,2006
3,2019-11-27,2076
3,2019-11-28,2036
3,2019-11-29,2165
3,2019-12-02,2154
3,2019-12-03,2025
3,2019-12-04,2139
3,2019-12-05,2151
3,2019-12-06,2052
3,2019-12-07,1951
3,2019-12-09,2123
3,2019-12-10,1978
3,2019-12-11,1946
3,2019-12-12,1915
3,2019-12-13,2014
3,2019-12-16,1830
3,2019-12-17,2000
3,2019-12-18,2085
3,2019-12-19,2052
3,2019-12-20,2165
3,2019-12-23,2034
3,2019-12-24,1991
3,2019-12-25,1903
3,2019-12-26,2025
3,2019-12-27,2092
3,2020-01-06,1948
3,2020-01-07,2135
3,2020-01-08,2120
3,2020-01-09,1964
3,2020-01-14,2043
3,2020-01-15,2017
3,2020-01-16,1955
3,2020-01-17,1976
3,2020-01-20,1972
3,2020-01-21,1919
3,2020-01-22,1929
3,2020-01-23,2060
3,2020-01-24,2081
3,2020-01-27,2096
3,2020-01-28,1940
3,2020-01-29,1973
3,2020-01-30,1964
3,2020-01-31,1985
3,2020-02-03,2006
3,2020-02-04,2003
3,2020-02-05,1928
3,2020-02-06,1863
3,2020-02-07,1889
3,2020-02-10,1910
3,2020-02-12,2065
3,2020-02-13,1878
3,2020-02-14,1760
3,2020-02-17,1818
3,2020-02-18,1852
3,2020-02-19,1838
3,2020-02-20,1754
3,2020-02-21,1912
3,2020-02-25,1857
3,2020-02-26,1777
3,2020-02-27,1748
3,2020-03-02,1810
3,2020-03-03,1701
3,2020-03-04,1683
3,2020-03-05,1686
3,2020-03-06,1541
3,2020-03-09,1601
3,2020-03-10,1524
3,2020-03-11,1590
3,2020-03-12,1548
3,2020-03-13,1471
3,2020-03-16,1597
3,2020-03-17,1538
3,2020-03-18,1544
3,2020-03-19,1426
3,2020-03-23,1712
3,2020-03-24,1750
3,2020-03-25,1868
3,2020-03-26,1814
3,2020-03-27,1820
3,2020-03-30,1808
3,2020-03-31,1840
3,2020-04-01,1652
3,2020-04-02,1633
3,2020-04-03,1633
3,2020-04-06,1719
3,2020-04-07,1628
3,2020-04-08,1628
3,2020-04-09,1592
3,2020-04-10,1480
3,2020-04-13,1506
3,2020-04-14,1453
3,2020-04-15,1489
3,2020-04-16,1312
3,2020-04-20,1231
3,2020-04-21,1279
3,2020-04-22,1281
3,2020-04-23,1220
3,2020-04-24,1352
3,2020-04-27,1197
3,2020-04-28,1568
3,2020-04-30,1596
3,2020-05-01,1446
3,2020-05-02,1823
3,2020-05-08,1534
3,2020-05-11,1708
3,2020-05-12,1636
3,2020-05-13,1614
3,2020-05-14,1736
3,2020-05-15,1562
3,2020-05-18,1625
3,2020-05-19,1599
3,2020-05-20,1617
3,2020-05-21,1540
3,2020-05-22,1616
3,2020-05-25,1619
3,2020-05-26,1630
3,2020-05-27,1623
3,2020-05-28,1536
3,2020-05-29,1569
3,2020-06-01,1644
3,2020-06-02,1611
3,2020-06-03,1636
3,2020-06-04,1570
3,2020-06-05,1523
3,2020-06-08,1628
3,2020-06-09,1710
3,2020-06-10,1672
3,2020-06-11,1664
3,2020-06-12,1559
3,2020-06-15,1679
3,2020-06-16,1605
3,2020-06-17,1770
3,2020-06-18,1639
3,2020-06-19,1666
3,2020-06-22,1629
3,2020-06-23,1682
3,2020-06-24,1725
3,2020-06-25,1688
3,2020-06-26,1699
3,2020-06-29,1763
3,2020-06-30,1757
3,2020-07-01,1669
3,2020-07-02,1551
3,2020-07-03,1787
3,2020-07-06,1918
3,2020-07-07,1786
3,2020-07-08,1713
3,2020-07-09,1784
3,2020-07-10,1783
3,2020-07-13,1746
3,2020-07-14,1819
3,2020-07-15,1642
3,2020-07-16,1803
3,2020-07-17,1798
3,2020-07-20,1846
3,2020-07-21,1889
3,2020-07-22,1711
3,2020-07-27,1888
3,2020-07-28,1887
3,2020-07-29,1840
3,2020-07-30,1889
3,2020-07-31,1939
3,2020-08-03,2023
3,2020-08-04,1901
3,2020-08-05,1922
3,2020-08-06,1812
3,2020-08-07,1716
3,2020-08-11,1641
3,2020-08-12,1867
3,2020-08-13,1732
3,2020-08-18,1812
3,2020-08-19,1821
3,2020-08-20,1735
3,2020-08-21,1788
3,2020-08-24,1815
3,2020-08-25,1806
3,2020-08-26,1781
3,2020-08-27,1783
3,2020-08-28,1774
3,2020-08-31,1821
3,2020-09-01,1879
3,2020-09-02,1820
3,2020-09-03,1720
3,2020-09-04,1907
3,2020-09-07,1955
3,2020-09-08,1880
3,2020-09-09,1933
3,2020-09-10,1876
3,2020-09-11,1873
3,2020-09-14,1860
3,2020-09-15,1886
3,2020-09-16,1903
3,2020-09-17,1849
3,2020-09-18,1893
3,2020-09-23,1966
3,2020-09-24,1939
3,2020-09-25,1849
3,2020-09-28,2063
3,2020-09-29,1937
3,2020-09-30,1987
3,2020-10-01,2014
3,2020-10-02,2021
3,2020-10-05,2013
3,2020-10-06,2005
3,2020-10-07,2133
3,2020-10-08,2005
3,2020-10-09,1942
3,2020-10-12,2138
3,2020-10-13,2187
3,2020-10-14,2123
3,2020-10-15,2188
3,2020-10-16,2167
3,2020-10-19,1752
3,2020-10-20,2223
3,2020-10-21,2262
3,2020-10-22,2014
3,2020-10-23,2252
3,2020-10-26,2195
3,2020-10-27,1990
3,2020-10-28,2212
3,2020-10-29,2240
3,2020-11-02,2257
3,2020-11-04,2228
3,2020-11-05,2420
3,2020-11-06,2395
3,2020-11-09,2292
3,2020-11-10,2384
3,2020-11-11,2329
3,2020-11-12,2358
3,2020-11-13,2379
3,2020-11-16,2347
3,2020-11-17,2294
3,2020-11-18,2371
3,2020-11-19,2165
3,2020-11-20,2251
3,2020-11-24,2343
3,2020-11-25,2214
3,2020-11-26,2335
3,2020-11-27,2237
3,2020-11-28,2215
3,2020-11-30,2292
3,2020-12-01,2249
3,2020-12-02,2180
3,2020-12-03,2311
3,2020-12-04,2193
3,2020-12-07,2327
3,2020-12-08,2337
3,2020-12-09,2376
3,2020-12-10,2403
3,2020-12-11,2385
3,2020-12-12,2378
3,2020-12-14,2336
3,2020-12-15,2339
3,2020-12-16,2383
3,2020-12-17,2241
3,2020-12-18,2461
3,2020-12-21,2594
3,2020-12-22,2440
3,2020-12-23,2585
3,2020-12-24,2424
3,2020-12-25,2580
3,2020-12-28,2369
3,2021-01-06,2397
3,2021-01-07,2253
3,2021-01-08,2292
3,2021-01-12,2441
3,2021-01-13,2257
3,2021-01-14,2271
3,2021-01-15,2336
3,2021-01-18,2211
3,2021-01-19,2244
3,2021-01-20,2218
3,2021-01-21,2132
3,2021-01-25,1971
3,2021-01-26,2263
3,2021-01-27,2323
3,2021-01-28,2113
3,2021-01-29,2104
3,2021-02-01,2268
3,2021-02-02,2254
3,2021-02-03,2116
3,2021-02-04,2174
3,2021-02-05,2175
3,2021-02-08,2067
3,2021-02-09,2220
3,2021-02-10,2250
3,2021-02-12,2100
3,2021-02-15,2315
3,2021-02-16,2142
3,2021-02-17,2325
3,2021-02-18,2216
3,2021-02-22,2133
3,2021-02-24,2460
3,2021-02-25,2318
3,2021-02-26,2251
3,2021-03-01,2178
3,2021-03-02,2405
3,2021-03-03,2372
3,2021-03-04,2357
3,2021-03-05,2333
3,2021-03-08,2159
3,2021-03-09,2389
3,2021-03-10,2446
3,2021-03-11,2396
3,2021-03-12,2409
3,2021-03-16,2406
3,2021-03-17,2436
3,2021-03-18,2354
3,2021-03-19,2361
3,2021-03-22,2271
3,2021-03-23,2522
3,2021-03-24,2529
3,2021-03-25,2536
3,2021-03-29,2497
3,2021-03-30,2565
3,2021-03-31,2602
3,2021-04-01,2305
3,2021-04-02,2553
3,2021-04-05,2569
3,2021-04-06,2323
3,2021-04-07,2565
3,2021-04-08,2498
3,2021-04-09,2565
3,2021-04-12,2490
3,2021-04-13,2359
3,2021-04-14,2346
3,2021-04-15,2331
3,2021-04-16,2255
3,2021-04-19,2179
3,2021-04-20,2534
3,2021-04-21,2496
3,2021-04-22,2462
3,2021-04-23,2276
3,2021-04-26,2436
3,2021-04-27,2372
3,2021-04-28,2447
3,2021-04-30,2330
3,2021-05-01,2396
3,2021-05-07,2396
3,2021-05-10,1942
3,2021-05-11,2382
3,2021-05-12,2313
3,2021-05-13,2284
3,2021-05-14,2263
3,2021-05-17,2188
3,2021-05-18,2198
3,2021-05-19,2150
3,2021-05-20,1938
3,2021-05-21,2219
3,2021-05-24,2417
3,2021-05-25,2047
3,2021-05-26,2085
3,2021-05-27,2089
3,2021-05-28,2041
3,2021-05-31,2012
3,2021-06-01,2139
3,2021-06-02,2142
3,2021-06-03,2025
3,2021-06-04,2056
3,2021-06-07,2162
3,2021-06-08,2181
3,2021-06-09,2250
3,2021-06-10,2241
3,2021-06-14,2103
3,2021-06-15,2193
3,2021-06-16,2131
3,2021-06-17,2099
3,2021-06-18,2102
3,2021-06-21,2185
3,2021-06-22,2162
3,2021-06-23,2175
3,2021-06-24,2161
3,2021-06-25,2211
3,2021-06-28,2135
3,2021-06-29,2175
3,2021-06-30,2193
3,2021-07-02,2200
3,2021-07-05,2052
3,2021-07-06,2198
3,2021-07-07,2122
3,2021-07-08,2063
3,2021-07-09,2107
3,2021-07-13,2063
3,2021-07-14,2054
3,2021-07-15,2129
3,2021-07-16,1962
3,2021-07-19,1988
3,2021-07-20,2028
3,2021-07-21,2113
3,2021-07-26,1979
3,2021-07-27,2037
3,2021-07-28,2126
3,2021-07-29,2137
3,2021-07-30,1949
3,2021-08-02,2016
3,2021-08-03,2103
3,2021-08-04,2041
3,2021-08-05,2109
3,2021-08-06,1875
3,2021-08-10,2063
3,2021-08-11,1994
3,2021-08-12,1922
3,2021-08-17,1952
3,2021-08-18,1959
3,2021-08-19,1891
3,2021-08-20,1973
3,2021-08-23,1934
3,2021-08-24,1858
3,2021-08-25,1838
3,2021-08-26,1875
3,2021-08-27,1980
3,2021-08-30,1856
3,2021-08-31,1918
3,2021-09-01,2090
3,2021-09-02,1960
3,2021-09-03,1937
3,2021-09-06,2074
3,2021-09-07,2021
3,2021-09-08,2152
3,2021-09-09,2276
3,2021-09-10,1957
3,2021-09-13,2280
3,2021-09-14,2068
3,2021-09-15,2021
3,2021-09-16,2049
3,2021-09-17,2060
3,2021-09-21,1834
3,2021-09-22,2002
3,2021-09-24,2241
3,2021-09-27,2084
3,2021-09-28,2164
3,2021-09-29,2217
3,2021-09-30,2202
3,2021-10-01,2101
3,2021-10-04,2099
3,2021-10-05,2175
3,2021-10-06,2261
3,2021-10-07,2258
3,2021-10-08,2129
3,2021-10-11,2172
3,2021-10-12,2191
3,2021-10-13,2111
3,2021-10-14,2165
3,2021-10-15,2143
3,2021-10-18,2161
3,2021-10-19,2218
3,2021-10-20,2101
3,2021-10-21,2096
3,2021-10-22,2013
3,2021-10-25,2051
3,2021-10-26,2123
3,2021-10-27,2149
3,2021-10-28,2072
3,2021-11-01,2199
3,2021-11-02,2138
